id,username,name,date,text,url
1853110476390936816,@NdeNathan,Nathan,2024-11-03 16:22:21,Voc√™s preferem sorvete Frosty ou Frut Biss???? me ajudem ,https://twitter.com@NdeNathan/status/1853110476390936816
1849103750952026274,@ange1lindo,xeixo sentido,2024-10-23 15:01:03,"parece q essa poha tem emulsificante que quando bate no liquidificador o neg√≥cio vira um sorvete da frosty
dito isso
EXCELENTE",https://twitter.com@ange1lindo/status/1849103750952026274
1829598844570734968,@naionai_,evaristo,2024-08-30 19:15:31,"neg√≥cio da pardal √© q eu acho aguado os sorvete sabe, mas eu tava com pregui√ßa de ir na frosty",https://twitter.com@naionai_/status/1829598844570734968
1826071964475105398,@lucsisokay,lucas guadagnino,2024-08-21 01:40:57,sorvete napolitano zero da frosty maior inven√ß√£o da humanidade,https://twitter.com@lucsisokay/status/1826071964475105398
1825321740962025584,@rmpelomundo,O n√¥made‚Ä¶,2024-08-18 23:59:50,Coming um pote de sorvete da Frosty quase todo sozinho ,https://twitter.com@rmpelomundo/status/1825321740962025584
1824143709505544416,@markgabriel2001,Marcos is tired,2024-08-15 17:58:45,"esse per√≠odo consegui passar o fim de per√≠odo sem comprar sorvete da frosty (geralmente era pelo menos um por semana no √∫ltimo m√™s)

fui lembrar e agr fiquei com vontade",https://twitter.com@markgabriel2001/status/1824143709505544416
1822455776146772258,@quebraquexo,Patriota chorando olhando pro c√©u,2024-08-11 02:11:31,Achei um sorvete vegano da frosty que era pra ser de chocolate mas tem gosto de PANETONE WTF kkkk,https://twitter.com@quebraquexo/status/1822455776146772258
1808673056245551445,@theotherminuit,Tu faz massagem?,2024-07-04 01:23:54,O sorvete de LEITINHO da frosty √© muito bom!,https://twitter.com@theotherminuit/status/1808673056245551445
1807885137260302538,@ZyX_EsV,Satan√°ries W«ù…• é…êW …ê uO,2024-07-01 21:13:00,"Eu fui numa loja da frosty todo empolgado pq queria sorvete de menta C chocolate, perguntei pra mo√ßa e ela bem ""simp√°tica"" disse que ""n√£o vendiam nada de menta"", quase que eu sa√≠ dando rabissaca praquela racha abusada",https://twitter.com@ZyX_EsV/status/1807885137260302538
1807193616709718416,@Frostyyyss_,Frosty,2024-06-29 23:25:08,Queria sorvete,https://twitter.com@Frostyyyss_/status/1807193616709718416
1807071613738754120,@rpwaline,sra autodiagn√≥stico de almeida,2024-06-29 15:20:21,a loja da frosty perto de casa com 50% de desconto tamo levando sorvete pra revender,https://twitter.com@rpwaline/status/1807071613738754120
1793059115758989627,@marreiracom2r,mar-rei-ra,2024-05-21 23:19:41,fui comprar o novo sorvete da frosty e n√£o tem ainda na loja!!!!,https://twitter.com@marreiracom2r/status/1793059115758989627
1792742715438121460,@marreiracom2r,mar-rei-ra,2024-05-21 02:22:25,"e a frosty que lan√ßou o sorvete de napolitano nordestino: tapioca, milho e amendoim",https://twitter.com@marreiracom2r/status/1792742715438121460
1791639958286893162,@esterexemplar,ester,2024-05-18 01:20:27,vontade de comer sorvete de bombom da frosty,https://twitter.com@esterexemplar/status/1791639958286893162
1791600317185855594,@squareofblue,ma ‚òÜ,2024-05-17 22:42:56,esse sorvete da frosty e miseravel pqp,https://twitter.com@squareofblue/status/1791600317185855594
1790436551907795368,@s4g1fir3,‚â†,2024-05-14 17:38:33,eu definitivamente nao tenho controle com o sorvete napolitano da frosty,https://twitter.com@s4g1fir3/status/1790436551907795368
1789736833854669084,@marsnolith,renata,2024-05-12 19:18:07,"amo os picol√©s da frosty, mas o sorvete me decepcionou um pouco, fui com muita expectativa",https://twitter.com@marsnolith/status/1789736833854669084
1786528993102946705,@luana_caastro_,Luana Del Rey - fishtail,2024-05-03 22:51:18,o sorvete da frosty √© um dos piores q eu j√° tomei pqp,https://twitter.com@luana_caastro_/status/1786528993102946705
1784997835361931684,@slxthor,manivela,2024-04-29 17:27:02,aff a tag ''frosty'' subiu e eu pensei q era frosty do sorvete,https://twitter.com@slxthor/status/1784997835361931684
1784268422278205830,@n__evil,glups moglods,2024-04-27 17:08:36,vontade vea besta de amassar um pote de sorvete de leitinho trufado da frosty,https://twitter.com@n__evil/status/1784268422278205830
1783344504210141463,@davidmouraz,david,2024-04-25 03:57:17,"v√©i, bizarro o tanto que √© gostoso esse whey protein da New Millen... WTF!?! tem gosto de sorvete da Frosty ou Pardal, doidera maxima!",https://twitter.com@davidmouraz/status/1783344504210141463
1782454402751565844,@sagitaries_,jonas,2024-04-22 17:00:20,"a pessoa que compra Sorvete Kibon perdeu qualquer amor √† vida.
Extremamente caro pelo que entrega. Qualquer Frosty/Quick pela metade do pre√ßo entrega o mesm√≠ssimo sabor (e alguns at√© melhores).",https://twitter.com@sagitaries_/status/1782454402751565844
1782109718795768142,@toudizendomesmo,‚±ØDRI,2024-04-21 18:10:41,√≥dio que fui seguir o conselho da minha m√£e de ‚Äú√© bom sempre experimentar coisas novas‚Äù e pedi um sorvete da frosty que nunca pedi antes e n√£o gostei dessa bomba preferia o de leitinho com a√ßa√≠,https://twitter.com@toudizendomesmo/status/1782109718795768142
1779566519451603218,@marzinhodemeel,macaco na moto fugindo da policia no helic√≥ptero,2024-04-14 17:44:55,Comi tanto sorvete √© incr√≠vel como existe diferen√ßa entre um da frosty e um da Nestl√© n√©,https://twitter.com@marzinhodemeel/status/1779566519451603218
1757872246855512212,@vagnerluis86,Ofertas e Promo√ß√µes,2024-02-14 20:59:37,"Confira Sorveteira M√°quina Sorvete Frosty Fruit Kids Chef Multikids por R$169,90. Encontre na Shopee agora! #ShopeeBR",https://twitter.com@vagnerluis86/status/1757872246855512212
1755584767930872090,@SorvetesFrosty,Sorvetes Frosty,2024-02-08 13:30:00,"Se voc√™ pudesse criar um sorvete com gosto de carnaval, qual sabor teria? ",https://twitter.com@SorvetesFrosty/status/1755584767930872090
1755395639465116029,@jycepixel,joy,2024-02-08 00:58:28,"Comprei um sorvete de uma marca que n√£o conhe√ßo pra poder experimentar e agora √© o mesmo efeito que o da frosty 

Pardal a maioral pois nao ataca meu intestino",https://twitter.com@jycepixel/status/1755395639465116029
1755348596424081724,@euzefiro,H2O menina piranha,2024-02-07 21:51:32,"Desisti do treino na metade e n√£o vou dan√ßar, por motivos de n√£o ter energia.
T√¥ aqui caminhando na esteira tal qual uma senhorinha e paquerando com a frosty na frente da academia, quero macetar um pot√£o de sorvete",https://twitter.com@euzefiro/status/1755348596424081724
1751330186383982950,@hanaamarilis,·äë·àÉ·ä°·àÉ ·àÉ·ä≥·àÉ·å£·äö·äí·äí·àÄ·ä¥,2024-01-27 19:43:49,algu√©m me doa 15 reais pra comprar um sorvete frosty t√¥ desejando n√£o quero perder o minino,https://twitter.com@hanaamarilis/status/1751330186383982950
1750557226337452539,@venusinaqua,iza brussell,2024-01-25 16:32:21,sorvete frosty com sal miramar e azeite sinh√°,https://twitter.com@venusinaqua/status/1750557226337452539
1750556885114089845,@sinaldosmares,juzieyo,2024-01-25 16:30:59,receita que eu fiz: sorvete frosty sal lebre e azeite e azeite andorinha,https://twitter.com@sinaldosmares/status/1750556885114089845
1749842076613615989,@mili3ra5,‚óè,2024-01-23 17:10:36,queria um pote de 1 litro de sorvete frosty de flocos,https://twitter.com@mili3ra5/status/1749842076613615989
1726594232000070080,@carcarah,Carcarah,2023-11-20 13:31:58,"Kibon, que era uma barra de sorvete que voc√™ cortava e comia, muito bom.
Hoje Kibon t√° uma massa gordurosa que √© insuport√°vel. At√© o humilde, mas honesto, Frosty √© melhor",https://twitter.com@carcarah/status/1726594232000070080
1724891645978784018,@sollagocz,Sol,2023-11-15 20:46:29,"Como sobreviver ao calor...

Desde agosto comprando a√ßa√≠... Enjoei. 

Agora √© pote de sorvete e picol√© da Frosty. God help me.
Em Teresina est√° fritando.",https://twitter.com@sollagocz/status/1724891645978784018
1723497305112784896,@Diones_14,Pinscher cansado,2023-11-12 00:25:53,"Leitinho com A√ßa√≠ da Frosty √© maravilhoso, sim √© Leitinho com A√ßa√≠ mesmo o nome do sorvete",https://twitter.com@Diones_14/status/1723497305112784896
1722611807872012503,@SorvetesFrosty,Sorvetes Frosty,2023-11-09 13:47:14,"Amigos me tirem uma d√∫vida, voc√™s comem sorvete com o que?",https://twitter.com@SorvetesFrosty/status/1722611807872012503
1722317857646584203,@SorvetesFrosty,Sorvetes Frosty,2023-11-08 18:19:11,Agora um fato: Ningu√©m √© triste comendo um pot√£o de sorvete de Leitinho Trufado da Frosty ,https://twitter.com@SorvetesFrosty/status/1722317857646584203
1720967938465742888,@rflxvr,rafaeo,2023-11-05 00:55:05,E como √© que pode o sorvete de tapioca da frosty ser a maior que n√≥s temos,https://twitter.com@rflxvr/status/1720967938465742888
1718995012803797224,@SorvetesFrosty,Sorvetes Frosty,2023-10-30 14:15:23,"Meio-dia, terminou de almo√ßar aquele bai√£o com carneiro, voc√™ abre a geladeira e tem um sorvete da Frosty no congelador, qual √©? 

O meu: Leitinho Trufado",https://twitter.com@SorvetesFrosty/status/1718995012803797224
1718746876566987038,@eudeboinhas,T,2023-10-29 21:49:22,"a frosty tem um sorvete de 4 conto, leitinho trufado, que √© simplesmente como estar comendo a nuvem mais deliciosa, uma experi√™ncia transcendental, a embalagem vagabunda esconde uma das coisas mais deliciosas que pude provar",https://twitter.com@eudeboinhas/status/1718746876566987038
1715412201312248024,@jayneefm,J,2023-10-20 16:58:34,"hoje na aula pratica da autoescola uma mo√ßa simplesmente levou um pote de sorvete a√ßai/ninho da frosty pra aula

do nada",https://twitter.com@jayneefm/status/1715412201312248024
1713660978573738024,@empadagostosa,anana linda,2023-10-15 20:59:50,"sempre compro esse sorvete na frosty l√° de Timon e aqui em Teresina nunca encontrava pro Sam experimentar e ele achando que eu tava doida dizendo que esse sorvete n√£o existia pois hj encontrei no carvalho!!!!!!! gente ele √© o melhor, eu amo",https://twitter.com@empadagostosa/status/1713660978573738024
1713578278764662952,@victorcomc_,Victor Fran√ßa,2023-10-15 15:31:13,"Seus gostos s√£o?  
Pizza: forno da ilha
Sorvete: self service frosty 
Bolo: caseirinho da karolicias 
Pastel: granpastelli 
Suco: s√£o e sucos 
Refrigerante: Fanta uva",https://twitter.com@victorcomc_/status/1713578278764662952
1712949584308142379,@patismenezes,pati,2023-10-13 21:53:00,desejando o sorvete frosty de bombom ,https://twitter.com@patismenezes/status/1712949584308142379
1712573688300572722,@thyrssenkrupp,oisoueuaticy,2023-10-12 20:59:20,to me sentindo uma gravida com depressao pedi agr aquele sorvete de morango radioativo da frosty e pretendo so comer ele ate meia noite,https://twitter.com@thyrssenkrupp/status/1712573688300572722
1710382193455816992,@Praondevamoshj1,.,2023-10-06 19:51:06,"Eu vim resolver um babado no cart√≥rio em TIMON quando olhei pro lado UMA F√ÅBRICA DA FROSTY nem pensei, sai correndo e comprei meio mundo de sorvete por R$40 QUARENTA REAIS MEU DEUS EU T√î FELIZ DEMAIS !!!!",https://twitter.com@Praondevamoshj1/status/1710382193455816992
1706063492447436982,@ip_frosty,Frosty.ip,2023-09-24 21:50:08,To ficando gripado? To. Tava passando mal ontem e antes de ontem? Tava. Mas esse calor ta foda ent tomei tudo gelado e hj fui pega sorvete fdc akakkaka,https://twitter.com@ip_frosty/status/1706063492447436982
1702117611570389126,@duquesadoceara,- R,2023-09-14 00:30:37,"Sorvete da Frosty √© bem ruim, tem um retrogosto de sebo, parece q t√¥ comendo banha ",https://twitter.com@duquesadoceara/status/1702117611570389126
1700976675402682662,@meticulosidade,eu tenho pra mim,2023-09-10 20:56:56,Sorvete de pa√ßoca e castanha da frosty muito bom,https://twitter.com@meticulosidade/status/1700976675402682662
1700332957536235588,@daorabee,beer,2023-09-09 02:19:02,√∫nica coisa capaz de me trazer um suspiro de felicidade agora seria um pote de 2l de sorvete sabor bombom da frosty,https://twitter.com@daorabee/status/1700332957536235588
1699902542828990833,@colinwht,k'lya,2023-09-07 21:48:43,"OMO ME CONQUISTAR PELA BOCA: 

bolo: chocolate
sorvete: bombom da frosty
chocolate: snickers
suco: laranja?
refri: coca cola
fruta: uva roxa
carne: fraldinha
batata: frita 
pizza: carne do sol!! ",https://twitter.com@colinwht/status/1699902542828990833
1698040821784666615,@JanayBand,Jana (anti gralhas),2023-09-02 18:30:54,"N√£o sou muito de tomar sorvete pq engorda e a maioria n√£o √© saud√°vel kkkkk
Mas esse leitinho trufado da Frosty TA QUI PARIU",https://twitter.com@JanayBand/status/1698040821784666615
1691109154382073856,@rflxvr,rafaeo,2023-08-14 15:26:56,O sorvete da frosty sabor leitinho trufado √© o que faz a vida ter sentido,https://twitter.com@rflxvr/status/1691109154382073856
1690773388569055232,@ribeirolav,lav√≠nia,2023-08-13 17:12:43,"ser pobre √© sobre adapta√ß√£o... dia 1 com sorvete da frosty eu achei puro gosto de rem√©dio, agora depois de uns dias j√° fiquei at√© querendo mais",https://twitter.com@ribeirolav/status/1690773388569055232
1690370899831070720,@IvesBranco,Ives Branco,2023-08-12 14:33:22,O sorvete de chocolate com avel√£ da Frosty‚Ä¶ simplesmente inesquec√≠vel!,https://twitter.com@IvesBranco/status/1690370899831070720
1684272692558528512,@umadromomaniaca,cardeal lawrence,2023-07-26 18:41:16,Algu√©m j√° provou o sorvete Frosty?,https://twitter.com@umadromomaniaca/status/1684272692558528512
1680020645504069633,@rednavez,rednave,2023-07-15 01:05:09,"Comprei um sorvete da frosty e no veio junto um voucher de um picol√©, fui resgatar hoje. A mo√ßa da loja disse que eu poderia escolher qualquer picol√© e eu fui escolher o mais caro, √≥bvio. Peguei uma paleta de chocolate su√≠√ßo e PQP AMORES A FROSTY SERVIU MUITOOOOOOOOOOOO",https://twitter.com@rednavez/status/1680020645504069633
1674027357970001920,@thisisjopas,jopas from TTPD,2023-06-28 12:09:58,neu doce favorito agora √© sorvete diet de castanha da frosty,https://twitter.com@thisisjopas/status/1674027357970001920
1673083080062431239,@valamideuso,regina george,2023-06-25 21:37:45,vcs gostam de sorvete frosty???,https://twitter.com@valamideuso/status/1673083080062431239
1667950786750341121,@lihmfs,lih ìáº ‚ãÜ.Àö ìÜâ ìÜù ìÜ°‚ãÜ.Àö,2023-06-11 17:43:51,"2L de sorvete da Frosty saindo por 18 dinheiros, √© tudo! ",https://twitter.com@lihmfs/status/1667950786750341121
1666952338794323968,@arrobaobserver,Cindyrdp,2023-06-08 23:36:22,Sorvete da frosty sabor del√≠cia de abacaxi √© mto gostoso!,https://twitter.com@arrobaobserver/status/1666952338794323968
1665480418315980805,@marilinhabirth1,marilia,2023-06-04 22:07:29,"Queria aquele sorvete artesanal, que faz na hora, mas vou ali no mercantil comprar um da frosty ",https://twitter.com@marilinhabirth1/status/1665480418315980805
1665395628816453633,@twitdaismalia,i,2023-06-04 16:30:34,"MANO, na frosty a partir de 6 produtos voc√™ paga o valor de atacado na unidade. N√£o precisa ser da mesma linha, basta ser 6 produtos. Comprei sorvete por 2,49. Eu vou me acabar",https://twitter.com@twitdaismalia/status/1665395628816453633
1663533400785911808,@SorvetesFrosty,Sorvetes Frosty,2023-05-30 13:10:44,Coloquei aqui s√≥ quem vai acabar o VR do pr√≥ximo m√™s em sorvete da Frosty,https://twitter.com@SorvetesFrosty/status/1663533400785911808
1659622461896310793,@SorvetesFrosty,Sorvetes Frosty,2023-05-19 18:10:03,"Psic√≥logo: voc√™ n√£o pode amar tanto um sorvete

Eu sonhando com um pote de 10 litros de Leitinho Trufado da Frosty",https://twitter.com@SorvetesFrosty/status/1659622461896310793
1658143778211868672,@SorvetesFrosty,Sorvetes Frosty,2023-05-15 16:14:18,"Coisas que n√£o puderam faltar no almo√ßo de dia das m√£es:

- Abra√ßo gostoso
- Presente fofinho
- Salada de maionese
- Pot√£o de sorvete da Frosty ",https://twitter.com@SorvetesFrosty/status/1658143778211868672
1655582890300719105,@SorvetesFrosty,Sorvetes Frosty,2023-05-08 14:38:14,"Ideia de date: Aproveitar a promo√ß√£o da Frosty e levar um pote de 1,5 L de sorvete pra casa da sogra no dia das m√£es ",https://twitter.com@SorvetesFrosty/status/1655582890300719105
1654215794631352321,@SorvetesFrosty,Sorvetes Frosty,2023-05-04 20:05:53,"Voc√™ n√£o pode amar star wars e sorvete ao mesmo tempo

eu:

#May4th #May4thBeWithYou",https://twitter.com@SorvetesFrosty/status/1654215794631352321
1645842101345583133,@SorvetesFrosty,Sorvetes Frosty,2023-04-11 17:31:49,Ent√£o quer dizer que agora tem mais um motivo pra comprar pote de sorvete ,https://twitter.com@SorvetesFrosty/status/1645842101345583133
1643702181265022983,@SorvetesFrosty,Sorvetes Frosty,2023-04-05 19:48:33,"Quem disse que quem ama sorvete n√£o pode aproveitar a P√°scoa? Tem kit de P√°scoa na Frosty esse ano sim, viu? J√° garantiu o seu?",https://twitter.com@SorvetesFrosty/status/1643702181265022983
1638539724347285504,@SorvetesFrosty,Sorvetes Frosty,2023-03-22 13:54:47,Acabei de dar uma mordida federal aqui no sorvete e to exatamente como na imagem ,https://twitter.com@SorvetesFrosty/status/1638539724347285504
1630321307949621249,@shersadie,el…ë,2023-02-27 21:37:44,"como me conquistar pela boca

ÔΩ• bolo: qualquer um (sem glac√™ 
ÔΩ• sorvete:  pat√™ da frosty
ÔΩ• chocolate: ao leite o meio amargo
ÔΩ• suco: acerola, maracuj√° e lim√£o 
ÔΩ• refri: coca geladinha 
ÔΩ• fruta: qualquer uma n sei
ÔΩ• carne: bem passada
ÔΩ• pizza: frango com catupiry",https://twitter.com@shersadie/status/1630321307949621249
1626048327891529730,@ManuRene,Rene Fernandes,2023-02-16 02:38:26,"E um salve para os potes de sorvete da Frosty! Uma ben√ß√£o.
Os sorvetes s√£o bons, esse de Castanha com Pa√ßoca...hummm",https://twitter.com@ManuRene/status/1626048327891529730
1622308274325389312,@toristerr,s√≥ um temperinho,2023-02-05 18:56:48,Comprando um sorvete frosty pra aguentar esse domingo quente e fazer um job que enrolo a uma semana ,https://twitter.com@toristerr/status/1622308274325389312
1620150653908828160,@SorvetesFrosty,Sorvetes Frosty,2023-01-30 20:03:11,"Gente a um tempinho atr√°s lancei esse produto, ele se chama tr√™s chocolates, favor n√£o copiar.

E quem ainda n√£o experimentou corre agora mesmo nas nossas lojas ! √â s√≥ o que tem!

#treschocolates #sorvete #frosty",https://twitter.com@SorvetesFrosty/status/1620150653908828160
1619924019456917504,@ValeskaaaT,princesinha,2023-01-30 05:02:37,"A frosty PRECISA come√ßar a vender o sorvete de castanha no pote de 2L pra ontem, o melhor que eu j√° comi dessas marcas de marcado e s√≥ tem em picol√© e na loja em self service",https://twitter.com@ValeskaaaT/status/1619924019456917504
1615030634220486656,@SorvetesFrosty,Sorvetes Frosty,2023-01-16 16:58:03,"chuva n√£o combina com sorvete, mas eu nao to nem ae eu como mesmo ",https://twitter.com@SorvetesFrosty/status/1615030634220486656
1613885780690362368,@SorvetesFrosty,Sorvetes Frosty,2023-01-13 13:08:49,"Independente de ser sexta-feira 13 eu to com calor do mesmo jeito, quero sorvete do mesmo jeito",https://twitter.com@SorvetesFrosty/status/1613885780690362368
1611558506381078528,@willtemachuca,escamosa,2023-01-07 03:01:03,"eu te amo, sorvete de ""napolitano tropical"" da Frosty, eu te amo. ",https://twitter.com@willtemachuca/status/1611558506381078528
1610063733702680582,@rflxvr,rafaeo,2023-01-03 00:01:22,O sorvete de a√ßa√≠ com leitinho da frosty √© sensacional,https://twitter.com@rflxvr/status/1610063733702680582
1604986943682527235,@n__evil,glups moglods,2022-12-19 23:48:01,vontade de abarcar um pote de sorvete sabor leitinho trufado da frosty,https://twitter.com@n__evil/status/1604986943682527235
1602655054611226626,@Dverascansado,Morador de Shadyside de Fortaleza,2022-12-13 13:21:55,Sorvete de chiclete da frosty √© top sorvetes fodas,https://twitter.com@Dverascansado/status/1602655054611226626
1602497944321769474,@Frosty2_,Jo√£o Fellipe,2022-12-13 02:57:37,Um dos maiores pecados capitais √© o sorvete de chocolate ser ruim.,https://twitter.com@Frosty2_/status/1602497944321769474
1600498409110224896,@L4r1c4,atestado da silva,2022-12-07 14:32:11,Sorvete de a√ßa√≠ com leitinho simplesmente o melhor obrigada frosty,https://twitter.com@L4r1c4/status/1600498409110224896
1594100087734652929,@raposadegelo,frosty | comms open,2022-11-19 22:47:32,O cara so queria um sorvete e dai ele recebeu um cuspe e um murro #SinaisDoOutroLado,https://twitter.com@raposadegelo/status/1594100087734652929
1593789878776504320,@adeelimm,sasmina,2022-11-19 02:14:52,sorvete frosty gold sabor mousse de maracuj√° tem gosto de creme de cabelo e de maracuja √© bom e ruim to tomando sorvete ou penteando o cabelo fica a d√∫vida,https://twitter.com@adeelimm/status/1593789878776504320
1589683796819210241,@omnichat_,OmniChat,2022-11-07 18:18:46,"Parceria de dar √°gua na boca:sorvete_sundae:! A Frosty, empresa de fabrica√ß√£o e comercializa√ß√£o de sorvetes, agora √© OmniChat. Deu vontade de um sorvete? Entre em contato com um vendedor. https://omni.chat/compre-dos-nossos-clientes/‚Ä¶",https://twitter.com@omnichat_/status/1589683796819210241
1587189574270337025,@ma_companhia,M√° Companhia - Benevolente,2022-10-31 21:07:37,"entregadores v√£o ao pal√°cio da alvorada entregar p√£o, leite condensado, sorvete napolitano frosty, uma coca litro e um cheetos grande. Agenda do presidente s√≥ inclui assistir uma com√©dia rom√¢ntica.",https://twitter.com@ma_companhia/status/1587189574270337025
1581694499507810305,@juvieir4,dra miley vieira,2022-10-16 17:12:09,"Tomando um pot√£o de sorvete de leitinho trufado para ver se esse calor diminui, frosty obrigado por tudo.",https://twitter.com@juvieir4/status/1581694499507810305
1574595791070666917,@Frosty2_,Jo√£o Fellipe,2022-09-27 03:04:25,Em pleno 2022 ano da tecnologia Elon musk construindo um foguete e o sorvete de chocolate continua ruim.,https://twitter.com@Frosty2_/status/1574595791070666917
1565684287080374272,@itsfelipebitch,Felipe,2022-09-02 12:53:17,Eu comprei um sorvete de castanha da Frosty que √© uma deliciaa,https://twitter.com@itsfelipebitch/status/1565684287080374272
1531086688595894272,@guilhermelevi0,gui delas,2022-05-30 01:34:47,"COMO ME CONQUISTAR PELA BOCA:

bolo: de cenoura com brigadeiro
sorvete: chocolate trunfado da frosty
chocolate: meio amargo
suco: graviola
refri: sprite
fruta: banana 
batata: sim 
√°gua: sem gas/ exceto aquela √°gua saborizada da sprite maravilhosa
pizza: qualquer uma",https://twitter.com@guilhermelevi0/status/1531086688595894272
1530297752260857858,@chaveszm,lel√™,2022-05-27 21:19:50,"COMO ME CONQUISTAR PELA BOCA:
bolo: ninho com morango
sorvete: creme br√ªl√©e com caf√© moka Frosty
chocolate: Cookies'n'Creme Hershey's
suco: maracuj√°/limonada (de lim√£o siciliano)
refri: (n√£o tomo)
fruta: morango/melancia
batata: pur√™
√°gua: sem g√°s
pizza: calabresa com cheddar",https://twitter.com@chaveszm/status/1530297752260857858
1530243919434366976,@samebabi,babs,2022-05-27 17:45:55,devo dizer que o sorvete de creme brulee com caf√© moka da Frosty tem meu cora√ß√£o tbm ,https://twitter.com@samebabi/status/1530243919434366976
1530200149582131200,@mavizis,vique,2022-05-27 14:52:00,"aqui na empresa hoje o assunto √© qual melhor lugar pra sorvete e a briga t√° entre uma q ama gelato e grano e a outra louca por san paolo, eu sigo aqui comendo na frosty",https://twitter.com@mavizis/status/1530200149582131200
1530176559222489089,@coexistedd,isa,2022-05-27 13:18:15,"COMO ME CONQUISTAR PELA BOCA:

bolo: prest√≠gio ou doce de leite ou red velvet
sorvete: leitinho trunfado da frosty 
chocolate: snickers
suco: maracuj√°
refri: coca
fruta: morango
carne:  bem passada
batata: todas
√°gua: sem g√°s
pizza: frango",https://twitter.com@coexistedd/status/1530176559222489089
1529897122535026705,@lyviasrocha,Lyvia Rocha,2022-05-26 18:47:52,Sorvete de a√ßa√≠ com leite ninho da Frosty √© o melhor de todos!,https://twitter.com@lyviasrocha/status/1529897122535026705
1526656290520432640,@flwrana_,aninha,2022-05-17 20:09:58,vontade de comer aquele sorvete da frosty que eu comi domingo,https://twitter.com@flwrana_/status/1526656290520432640
1522005823882469377,@tomaznocool,juju carente,2022-05-05 00:10:40,ei o sorvete de a√ßa√≠ com ninho da frosty √© muito bom na moral,https://twitter.com@tomaznocool/status/1522005823882469377
1511344288508039170,@ohbile,bil√©,2022-04-05 14:05:32,Meu pai compraria frosty ou Quick (que ali√°s √© muito bom e barato)  pois segundo ele √© sorvete do mesmo jeito e faria o mesmo efeito e ainda,https://twitter.com@ohbile/status/1511344288508039170
1511314272327974919,@mechamedejoca,j.,2022-04-05 12:06:16,ela toda bacio di late e ele todo sorvete frosty,https://twitter.com@mechamedejoca/status/1511314272327974919
1511296403364065280,@cleannlamb,ane,2022-04-05 10:55:15,frosty eh literalmente minha marca de sorvete preferida e eh baratinha n entendi isso aq,https://twitter.com@cleannlamb/status/1511296403364065280
1509209898650935308,@uma_mulher_lisa,Mulher lisa,2022-03-30 16:44:14,"Rapaz, sorvete de a√ßa√≠ com banana da Frosty, gostoso demais! ",https://twitter.com@uma_mulher_lisa/status/1509209898650935308
1500985574580174849,@princesadosceus,debra,2022-03-08 00:03:42,"e meu primo no cear√° q me levou na frosty e comprei uma porrada de sorvete a√≠ a gente pode preencher um cupom de sorteio

hj o bonito me avisou q ganhou o celular kkkkkkkkkk",https://twitter.com@princesadosceus/status/1500985574580174849
1497007205727547397,@zedasplanta,Leuro,2022-02-25 00:35:05,"14 reais o sorvete do tamanho de 5ml de antial√©rgico na Gelatto.
Comprei aquele Frosty top 2L 16 reais",https://twitter.com@zedasplanta/status/1497007205727547397
1483595699828703238,@roneysco,Roney Lira,2022-01-19 00:22:33,"Bicho, tem um sorvete de CASTANHA COM PA√áOCA que eu t√¥ simplesmente APAIXONADO. 

Frosty faz tudo nessa cidade.",https://twitter.com@roneysco/status/1483595699828703238
1459616162782793728,@LCBrag,Blog do Lauriberto,2021-11-13 20:16:26,BLOG DO LAURIBERTO: Sorvete Frosty lan√ßa Campanha Green Friday https://blogdolauriberto.com/2021/11/sorvetes-frosty-lanca-campanha-green.html?spref=tw‚Ä¶,https://twitter.com@LCBrag/status/1459616162782793728
1452829648140767236,@eucaios,c.,2021-10-26 02:49:15,"esse sorvete de ninho trufado da frosty √© o melhor, sem condi√ß√µes. o bicho deixa at√© o ambiente cheiroso.",https://twitter.com@eucaios/status/1452829648140767236
1432865803431563264,@luanleiten,Luan,2021-09-01 00:40:03,"bolo: ninho ou chocolate
doce: de leite
sorvete: leitinho trufado da frosty
suco: maracuj√° com leite
refri: uma coquinha bem gelada
fruta: tomate com sal
batata: quero
√°gua: nem quente nem gelada zero grau ta otimo
pizza: frango com creme x
drink: gin com lim√£o",https://twitter.com@luanleiten/status/1432865803431563264
1432760326232084481,@hotisblue_,andressa,2021-08-31 17:40:55,"Como me conquistar pela boca:

bolo: milho verde 
doce: chocolate branco
sorvete: creme br√ªl√©e c caf√© moka da frosty
chocolate: caramelo salgado dark 50% garoto 
suco: caj√° 
refri: fanta laranja
fruta: banana
batata: frita
√°gua: gelada
Pizza: carne de sol
drink: moscow mule ",https://twitter.com@hotisblue_/status/1432760326232084481
1430230184691707909,@frostysquad,frosty,2021-08-24 18:07:03,voc√™s gostam de sorvete? -,https://twitter.com@frostysquad/status/1430230184691707909
1427762530135515147,@manultratomico,Manu - ‡∏°‡∏≤‡∏ô‡∏π‡πÄ‡∏≠‡∏•,2021-08-17 22:41:28,Sorvete leitinho trufado da frosty d√° de 10 a 0 na kibom!,https://twitter.com@manultratomico/status/1427762530135515147
1424425021313851395,@n__evil,glups moglods,2021-08-08 17:39:24,era s√≥ um pote de sorvete sabor leitinho trufado da frosty agora,https://twitter.com@n__evil/status/1424425021313851395
1416822114632577027,@frostysquad,frosty,2021-07-18 18:08:10,"a√ßa√≠ ou sorvete??? 

- ",https://twitter.com@frostysquad/status/1416822114632577027
1414953206216642571,@stephaniegsousa,st√©phanie,2021-07-13 14:21:47,"O mesmo sorvete Frosty at√© duas semanas atr√°s custava 15 reais. Hoje t√° 20. Cara, eu nem sei o que dizer mais. Cada ida ao supermercado √© um novo tipo de depress√£o adquirido.",https://twitter.com@stephaniegsousa/status/1414953206216642571
1414673530621468676,@__zac____,–∏–∑–∞,2021-07-12 19:50:27,e a coisa se pre√ßo mais caro era um sorvete da frosty viu,https://twitter.com@__zac____/status/1414673530621468676
1407720287811026949,@toristerr,s√≥ um temperinho,2021-06-23 15:20:45,"esperando chegar meu sorvete leitinho com a√ßa√≠, a frosty tbm podia aproveitar e trocar o nome da embalagem pra solu√ß√£o dos meus problemas",https://twitter.com@toristerr/status/1407720287811026949
1401553872020201479,@rflxvr,rafaeo,2021-06-06 14:57:37,Apenas o sorvete de tapioca da frosty √© capaz de amenizar todas as minhas dores hoje,https://twitter.com@rflxvr/status/1401553872020201479
1400212523622801409,@lakshmiii______,mimi do 085,2021-06-02 22:07:34,"aquele sabor de sorvete da frosty
leitinho frustrado",https://twitter.com@lakshmiii______/status/1400212523622801409
1397671371983970310,@fernandes_jehh,Jesga.,2021-05-26 21:49:57,O sorvete de a√ßa√≠ da Frosty √© merqui √°gua. Mil vezes o da Pardal. ,https://twitter.com@fernandes_jehh/status/1397671371983970310
1390383996203372551,@lhettuce,Leti√ßa,2021-05-06 19:12:31,"tem um sorvete muito bom da FrutBiss, que √© o sabor Iogurte Grego com frutas vermelhas. Ontem eu vi no supermercado um muito parecido mas da Frosty (que tem sabores muito bons tamb√©m, j√° compramos v√°rias vezes). Comprei, mas o sorvete √© pura amoxilina, eu quero chorar ",https://twitter.com@lhettuce/status/1390383996203372551
1375107732366364672,@MusicasDaMiley,M√∫sicas da Miley,2021-03-25 15:30:06,"COMO ME CONQUISTAR PELA BOCA

Sorvete: leitinho com a√ßa√≠ da Frosty
Chocolate: amargo
Refri: coca cola
Fruta: p√™ra
Carne: 
Batata: frita
√Ågua: sem g√°s 
Pizza: bacon com catupiry/marguerita
Bolo: chocolate 
Sobremesa: a√ßa√≠ com menta
Suco: laranja",https://twitter.com@MusicasDaMiley/status/1375107732366364672
1372677409493901320,@diogdaniel,dondiel,2021-03-18 22:32:52,"Lembrando aqui da minha primeira larica, ave maria at√© hj eu queria lembrar o sabor do sorvete frosty pq o bicho √© bom dms no p√£o com coquinha ",https://twitter.com@diogdaniel/status/1372677409493901320
1370816336394354691,@chevrolettie,Len√π,2021-03-13 19:17:37,apenas o sorvete leitinho trufado da frosty √© capaz de amenizar todas as minhas dores,https://twitter.com@chevrolettie/status/1370816336394354691
1367632569001521158,@KatherineBanshe,Marcelo Jaf,2021-03-05 00:26:28,Esse sorvete de brigadeiro da Frosty √© uma del√≠cia. O gostinho amargo com a cremosidade dele me deixa feliz.,https://twitter.com@KatherineBanshe/status/1367632569001521158
1328738628974104576,@lupuanpan,Cebolete,2020-11-17 16:35:50,"Acho t√£o proven√ßal as pessoas se 'deleitando' com essas amostras gr√°tis de sorvete que n√£o saem por menos de 18,00! Pego meu bom fruitbiss/frosty de 2l (q custa mais barato, inclusive) e vou embora ",https://twitter.com@lupuanpan/status/1328738628974104576
1319124171796979712,@icarlos_girao,carlota germanotta,2020-10-22 03:51:25,"sorvete de bombom da frosty, conte comigo para tudo!!!",https://twitter.com@icarlos_girao/status/1319124171796979712
1317847884491087879,@chevrolettie,Len√π,2020-10-18 15:19:54,viciada no sorvete grego com amarena da frosty,https://twitter.com@chevrolettie/status/1317847884491087879
1310301328435019776,@danrleynp,Dan,2020-09-27 19:32:35,Esse sorvete de ninho com a√ßai da frosty √© tudo e uns canudos,https://twitter.com@danrleynp/status/1310301328435019776
1310271337257205760,@WillFrosty7,Will,2020-09-27 17:33:25,"The history of Luana Piovani

1- em Paris puta√ßa reclamando do absurdo que est√° l√° pq tem que usar m√°scara na rua.

2- como boa brasileira, descobre q se andar chupando sorvete ele pode burlar a lei e andar sem m√°scara na rua.

3- puta√ßa porque est√° com Covid.

Fim!",https://twitter.com@WillFrosty7/status/1310271337257205760
1304461610522685440,@4nadelrey,ana,2020-09-11 16:47:38,Sorvete de napolitano tropical da frosty conte cmg p tudo,https://twitter.com@4nadelrey/status/1304461610522685440
1297249459399798785,@evapp,liroueva,2020-08-22 19:09:07,"Receita de sorvete igual da frosty:

1.5 litros de √°gua (qualquer √°gua, at√© da cacimba)
2 colheres de nescau ou um achocolatado mais barato pra ficar mais fiel. 

Misture, coloque no congelador... Pronto. Chame at√© de trufado se quiser.",https://twitter.com@evapp/status/1297249459399798785
1294071793549017091,@sushisushigore,sushi de coc√¥ com bosta,2020-08-14 00:42:12,sorvete de ovo frito filha da puta eu odeio a kibon a frosty sei la quem fez essa desgra√ßa,https://twitter.com@sushisushigore/status/1294071793549017091
1288603413077524480,@marittlepony,batman de calcinha,2020-07-29 22:32:49,Queria dizer que aquele sorvete da linha chique da frosty de creme brule com caf√© moca √© uma das melhores coisas que eu j√° botei na minha boca,https://twitter.com@marittlepony/status/1288603413077524480
1287194773972037633,@PaivaLeitao,Gabriela Paiva Leitao,2020-07-26 01:15:23,"S√≥ queria dizer que o sorvete da Frosty, Castanha com Pa√ßoca √© perfeito! .",https://twitter.com@PaivaLeitao/status/1287194773972037633
1284298961310932994,@FrostyPensativo,FrostyPensativo“ì·¥õ èÏú†,2020-07-18 01:28:28,"Vcs preferem sorvete ou a√ßa√≠??
@frostyverso",https://twitter.com@FrostyPensativo/status/1284298961310932994
1278351688211091457,@ehokyle,cardeal lawrence,2020-07-01 15:36:07,"as unicas vezes q pedi algo por app foram pra comprar sorvete frosty linha premium qdo recebia cupom de 10 conto.. comprava 1,5L por 10,90. tudo de bom. faz mais de um ano. sdds",https://twitter.com@ehokyle/status/1278351688211091457
1276150557112139776,@aleerrosa,,2020-06-25 13:49:37,"sorvete de 1L da Frosty, Pardal, Fruta Biss al√©m de mais baratos tem sabor melhor que os sorvetes da Kibon e da Nestl√©",https://twitter.com@aleerrosa/status/1276150557112139776
1275083434424180739,@ianquetantolia,yi-han,2020-06-22 15:09:15,"Frosty. O sorvete no potinho refrescante. Tem um gostinho bom!!
HUMMM",https://twitter.com@ianquetantolia/status/1275083434424180739
1273438761980956679,@thaisccma,meunescau,2020-06-18 02:13:54,"e eu que fiz uma gororoba muito boa aqui com sorvete de flocos da frosty + leite ninho + nescau + nescaf√© e ficou parecendo um frapuccino

pq choras starbucks",https://twitter.com@thaisccma/status/1273438761980956679
1272589473604403204,@xeroqueholmesss,√Åvila Gomes,2020-06-15 17:59:08,O conceito do caba almo√ßar uma hora dessa e depois ainda tomar um bel√≠ssimo sorvete de brigadeiro Frosty. Quarentine Vibes ,https://twitter.com@xeroqueholmesss/status/1272589473604403204
1260353150537564165,@mudodaughter,lucŒ±s,2020-05-12 23:36:21,"esse sorvete da frosty nunca congela n√©
sempre fica nesse aspecto quase derretendo",https://twitter.com@mudodaughter/status/1260353150537564165
1254117502226960395,@bandolinaa,bandolina,2020-04-25 18:38:07,Frosty pisa na Nestl√© e kibon quando a categoria √© sorvete de pote,https://twitter.com@bandolinaa/status/1254117502226960395
1245728232567009281,@estiloempauta,ESTILO EM PAUTA,2020-04-02 15:02:09,Sorvete em casa: Frosty est√° presente em todas as plataformas de delivery http://portalestiloempauta.com/2020/04/02/sorvete-em-casa-frosty-esta-presente-em-todas-as-plataformas-de-delivery/‚Ä¶,https://twitter.com@estiloempauta/status/1245728232567009281
1244343946546905090,@ariesputation,gads,2020-03-29 19:21:30,"Se deus existe ele se materializou nesse pote de sorvete, frosty obrigada por tudo",https://twitter.com@ariesputation/status/1244343946546905090
1229127295807479816,@lukasinhaa,lucasinha,2020-02-16 19:35:58,"Mlr,esse sorvete da frosty de Leitinho com a√ßa√≠,√© o manjar das quengas ",https://twitter.com@lukasinhaa/status/1229127295807479816
1228375076346769410,@dddnla,daninha,2020-02-14 17:46:54,"Algu√©m pode me informar se a frosty tem algum sorvete bom? Porque eu fiquei encantada com um de panna cota com mirtilo e fui l√° comprar. De besta que eu sou, claro",https://twitter.com@dddnla/status/1228375076346769410
1225540353207545861,@sweetito_twt,Tito ìÉÆ #MarcoTemporalN√£o,2020-02-06 22:02:44,√â pedir demais ter um patroc√≠nio da Frosty????? (Sorvete maravilhoso e perfeito aaaaaaaaaaaa),https://twitter.com@sweetito_twt/status/1225540353207545861
1215317971087896576,@eumessias_,Messias·∂úÀ¢·∂ú,2020-01-09 17:02:38,"N√£o tem sorvete melhor que o Leitinho Trufado da Frosty, mas a√≠ resolvi comprar o de chocolate trufado.",https://twitter.com@eumessias_/status/1215317971087896576
1214586236813414401,@oibora,sara janja,2020-01-07 16:34:59,o sorvete leitinho com a√ßa√≠ da frosty √© o melhor,https://twitter.com@oibora/status/1214586236813414401
1206041664881598464,@ultraviolenss,lys THE ERAS TOUR 19/11,2019-12-15 02:41:54,"gente a jessica vive falando que tem conta p pagar mas acho que ela limpa a bunda com dinheiro pq so essa semana vi ela rolezando 3/4 vezes e ta agr de noite comendo sorvete no sao paolo
Nao sabe oq eh um frosty ou um frutbiss",https://twitter.com@ultraviolenss/status/1206041664881598464
1205590651812876288,@OLipeBispo,El Bispo bispedo bispado,2019-12-13 20:49:44,S√≥ o sorvete frosty proporciona a incr√≠vel sensa√ß√£o de t√° comendo bosta gelada,https://twitter.com@OLipeBispo/status/1205590651812876288
1191065618612666368,@dryviana2,Dry Viana,2019-11-03 18:52:27,Sorvete de leitinho trufado da Frosty = tudo pra mim,https://twitter.com@dryviana2/status/1191065618612666368
1189358802824564739,@ofcosvaldo,·¥ès·¥†·¥Ä ü·¥Ö·¥è ·¥Ö…™·¥è ü…™·¥†·¥á…™ Ä·¥Ä,2019-10-30 01:50:10,"Acabei de encontrar um plastico dentro do #Sorvete da Frosty. Fiz ate um v√≠deo, mas decide n√£o publicar.",https://twitter.com@ofcosvaldo/status/1189358802824564739
1187114516934381570,@lhettuce,Leti√ßa,2019-10-23 21:12:11,"comprar sorvete √© bom por causa do tapau√©
inclusive o sabor ""leitinho trufado"" da Frosty vem num tapau√© mara",https://twitter.com@lhettuce/status/1187114516934381570
1186993220502327297,@mulherbesta,liz,2019-10-23 13:10:11,n√£o tem nada mais fortalezense pra mim que o sorvete de nata goiaba da frosty viu bebe,https://twitter.com@mulherbesta/status/1186993220502327297
1183537895161978880,@bruxadesalao,Maria vai com as doidas,2019-10-14 00:19:57,Comprei um sorvete zero lactose da frosty e pense num sorvete bom!,https://twitter.com@bruxadesalao/status/1183537895161978880
1182459644721147905,@avozdomorto,lucas,2019-10-11 00:55:22,Pedindo um sorvete frosty pra minha maratona Mad Men de hj,https://twitter.com@avozdomorto/status/1182459644721147905
1169997658049658883,@mateusobastos,mateusobastos,2019-09-06 15:35:53,"Sorvete superfaturado da san paolo? T√¥ fora

Pego meu pot√£o de 2L da frosty e vou embora ",https://twitter.com@mateusobastos/status/1169997658049658883
1162747171378257921,@livixqueissu,l√≠via,2019-08-17 15:25:03,"meu almo√ßo foi refrigerante frevo, sorvete de flocos frosty e pipoca keromais    √© hj q eu morro",https://twitter.com@livixqueissu/status/1162747171378257921
1154876267721822208,@huajenoir,madU +82 PRESSIN,2019-07-26 22:08:53,"ai bro to rindo aqui q os clientes pedem milkshake, sorvete e o caralho a 4 qnd na vdd a gnt vende frosty e msm sabendo oq eles querem dizer a gnt tem q responder ‚Äúwe don‚Äôt sell milkshakes, we only have frosties‚Äù qnd na vdd √© praticamente a msm coisakkkkkkklkkk",https://twitter.com@huajenoir/status/1154876267721822208
1152389762357104641,@jorgeolivefe,Jor,2019-07-20 01:28:24,Pqp frosty vsf os cara cagaram meu sorvete de chocolate 0 lactose os fdp botaram aroma e gosto de laranja junto pra que isso fdp o sorvete √© de chocolate arrombados to puto √≥,https://twitter.com@jorgeolivefe/status/1152389762357104641
1147126064327659521,@ehokyle,cardeal lawrence,2019-07-05 12:52:20,o sorvete de creme trufado com chocolate e cafe da frosty.. putz q perfei√ßaoo,https://twitter.com@ehokyle/status/1147126064327659521
1143572111375634434,@tawonauta,tawoao,2019-06-25 17:30:12,"ainda √© ruim
digo mesmo

sorvete da frosty 1litro de leitinho trufado 14 conto MIL VEZES MAIS GOSTOSO https://t.co/C5zsG3hfwm",https://twitter.com@tawonauta/status/1143572111375634434
1136785068461105161,@ehokyle,cardeal lawrence,2019-06-07 00:00:55,mais um cupom usado para comprar sorvete.. talvez eu seja o maior f√£ da frosty SIM,https://twitter.com@ehokyle/status/1136785068461105161
1135313685621219330,@palloma_soares,casocomumdetransito,2019-06-02 22:34:10,Sorvete grego com amarena da Frosty: conte comigo pra tudo!,https://twitter.com@palloma_soares/status/1135313685621219330
1112220285757997056,@leittinhos,leittinhos revels the meaning,2019-03-31 05:09:14,o perfeito sorvete frosty de tapioca,https://twitter.com@leittinhos/status/1112220285757997056
1055873106781323264,@bieu__,gabriel joestar,2018-10-26 17:25:40,"frosty parab√©ns pelo sorvete de leite com a√ßa√≠, uma beleza",https://twitter.com@bieu__/status/1055873106781323264
1039243496174100482,@Gourmet_For,Gourmet Fortaleza,2018-09-10 20:05:32,"Mais uma NOVIDADE sorvetesfrosty
„Éª„Éª„Éª
Parab√©ns 
Nova loja de f√°brica da Frosty com super descontos e mais de 80 sabores de sorvete!! 
Endere√ßo: Av. N, 1166 - Jos√© Walter proximo‚Ä¶ https://instagram.com/p/Bnju5V_nF0p/?utm_source=ig_twitter_share&igshid=156uoijw82upp‚Ä¶",https://twitter.com@Gourmet_For/status/1039243496174100482
1008317040564809728,@helenaasc,Maria Helena,2018-06-17 11:54:50,"Voc√™s j√° experimentaram aquele sorvete Frosty de creme com passas? (Eu odeio passas, mas aquele sorvete √© espetacular).",https://twitter.com@helenaasc/status/1008317040564809728
1001119122682413056,@Panfleteria,Panfleteria,2018-05-28 15:12:53,"Refrescante, delicioso e todo mundo adora! Desconto em 500g de A√ßa√≠ Natural ou Sorvete Frosty (incluindo Toppings e Coberturas) por apenas R$9,99 no A√ßaizado. 

Para comprar ou mais informa√ß√µes acesse... https://facebook.com/Panfleteria/posts/2498482933511276‚Ä¶",https://twitter.com@Panfleteria/status/1001119122682413056
986741286945329153,@frosty_pedro,Pedro Maximo,2018-04-18 23:00:30,"Quebramos o Caminh√£o de Sorvete e ficamos em 8¬∫
N√© gabriel.perdigao_ https://instagram.com/p/BhuryW3ngzf/",https://twitter.com@frosty_pedro/status/986741286945329153
974773495275106311,@MrFrosty022073,‚Ä¢Mr. Frosty‚Ä¢,2018-03-16 22:24:46,"Gente sou s√≥ eu que como e ja me sinto uma baleia? Porque da at√© uma bad ver essas pessoas que podem comer uma pizza inteira sozinhas com mais chocolate, refrigerante e sorvete e ainda ficar plena",https://twitter.com@MrFrosty022073/status/974773495275106311
967912624297005056,@leittinhos,leittinhos revels the meaning,2018-02-26 00:02:07,de onde veio esse nome leitinho trufado? ‚Äî do sorvete de leitinho trufado da frosty https://curiouscat.me/unbreagable/post/336539560?1519603248‚Ä¶,https://twitter.com@leittinhos/status/967912624297005056
959903753469087753,@leittinhos,leittinhos revels the meaning,2018-02-03 21:37:43,minha barriga n√£o est√° alta vontade de comprar dois litros de sorvete frosty para ficar com a barriga alt√≠ssima depois,https://twitter.com@leittinhos/status/959903753469087753
946844746156306433,@ma_companhia,M√° Companhia - Benevolente,2017-12-29 20:45:53,Quem me ama traz um pote de sorvete frosty sabor bombom pra mim hoje,https://twitter.com@ma_companhia/status/946844746156306433
942056585966256128,@MrFrosty022073,‚Ä¢Mr. Frosty‚Ä¢,2017-12-16 15:39:27,Dinheiro n√£o compra felicidade... mas compra sorvete.. que √© quase a mesma coisa,https://twitter.com@MrFrosty022073/status/942056585966256128
934141521275817989,@leittinhos,leittinhos revels the meaning,2017-11-24 19:27:48,o sorvete de brigadeiro frosty uma hora dessas cairia bem,https://twitter.com@leittinhos/status/934141521275817989
926531416699129856,@friendszustiin,Sara,2017-11-03 19:27:58,Bixo esse sorvete frosty n presta pra nada ate rem√©dio √© melhor q aquilo pelamor,https://twitter.com@friendszustiin/status/926531416699129856
906940115376799746,@leittinhos,leittinhos revels the meaning,2017-09-10 17:59:08,tomando sorvete frut biss de brigadeiro pois n√£o tinha frosty,https://twitter.com@leittinhos/status/906940115376799746
904383073671884801,@EmanuelDuann,Emanuel Duann,2017-09-03 16:38:22,Que sorvete maravilhoso.... #frosty,https://twitter.com@EmanuelDuann/status/904383073671884801
879063550135869440,@chuuney,gio mudou de conta,2017-06-25 19:47:37,meu pote de sorvete frosty sabor caja,https://twitter.com@chuuney/status/879063550135869440
875776353576079361,@DuduHStylLe,# Eduardo Roger .!,2017-06-16 18:05:28,"Tarde Boa pra relaxar com um sorvete Frosty 
#Frosty #Vemquetem Mercadinho Roger",https://twitter.com@DuduHStylLe/status/875776353576079361
870363877128773633,@LuannaMeedeiros,Ive brussell,2017-06-01 19:38:13,Bad √°s 16h da tarde se cura com sorvete frosty sim!,https://twitter.com@LuannaMeedeiros/status/870363877128773633
787687719505891328,@_lucaspimenta,lucaspimentel.bsky.social,2016-10-16 16:12:41,"Devia ter um delivery de sorvete frosty, 50 sabores muito caro",https://twitter.com@_lucaspimenta/status/787687719505891328
766831774030782464,@chuuney,gio mudou de conta,2016-08-20 02:58:36,quem ama sorvete de tapioca frosty me add,https://twitter.com@chuuney/status/766831774030782464
748240542329372673,@MarianaBelem,Mari Bel√©m,2016-06-29 19:43:41,"O Frosty t√£o famoso (sorvete mais aerado) que l√° vende mais o Baunilha, vai ter DE DOCE DE LEITE PARA O GOSTO BRASILEIRO  #WendysNoBrasil",https://twitter.com@MarianaBelem/status/748240542329372673
439210502342729728,@amaral_dalva,Dalva Amaral,2014-02-28 01:28:38,"CLUBE DAS PATINHAS: Frosty Paws,o sorvete caseiro canino! http://dalva-amaral.blogspot.com/2014/02/frosty-pawso-sorvete-caseiro-canino.html?spref=tw‚Ä¶",https://twitter.com@amaral_dalva/status/439210502342729728
438457464317825024,@Adrismara_Nobre,Adrismara Lopes,2014-02-25 23:36:20,Aquele desejo de sorvete da frosty,https://twitter.com@Adrismara_Nobre/status/438457464317825024
413813893341786112,@borges_gaspar,Juliana Borges,2013-12-19 23:31:35,"sabe o que eu quero pra essa noite!? Um forte abra√ßo e um sorvete GOSTOSO de verdade, pq frosty eu n√£o aguento mais. #CHATIADA",https://twitter.com@borges_gaspar/status/413813893341786112
404439651009568770,@fabiolabr,Fab√≠ola M¬™,2013-11-24 02:41:41,O sorvete de Ovomaltine da Frosty √© del√≠cia!,https://twitter.com@fabiolabr/status/404439651009568770
378297215707795456,@jorniall,Mario,2013-09-12 23:20:59,internet 3g √© t√£o bom quanto a propaganda do sorvete frosty,https://twitter.com@jorniall/status/378297215707795456
339450957366706176,@SFrios1,S√≥Frios,2013-05-28 18:39:49,Que calor esse Brasil est√° t√£o propcio para tomar um sorvete frosty,https://twitter.com@SFrios1/status/339450957366706176
330109513996845057,@ThiagoBrunoBR,Thi…ëgo Bruno,2013-05-03 00:00:15,Vou √© comer sorvete aqui que eu ganho mais. #FROSTY,https://twitter.com@ThiagoBrunoBR/status/330109513996845057
319793597551632384,@BrenosBrenos,LERILEYGUE,2013-04-04 12:48:29,"Frosty o sorvete refrescante do copinho, tem um gostinho bommmmmm. #publicidade",https://twitter.com@BrenosBrenos/status/319793597551632384
305756845962846208,@luizcruzbc,luiz cruz,2013-02-24 19:11:27,"FROSTY, O MELHOR E DELICIOSO SORVETE DO NORDESTE, 
esteve presente no SHOW DA PRACINHA. DENILSON REIS,
RELA√á√ïES... http://fb.me/1y6SSsVhg",https://twitter.com@luizcruzbc/status/305756845962846208
304791595956457476,@luizcruzbc,luiz cruz,2013-02-22 03:15:53,"DENILSON REIS fez  excelente trabalho de promo√ß√£o do
SORVETE FROSTY, durante o show do EVERALDO DO
SAX.  TODOS... http://fb.me/FElWZO5w",https://twitter.com@luizcruzbc/status/304791595956457476
294133629951565824,@_Luceliia,Luc√©lia Oliveira,2013-01-23 17:24:56,"#qu√© tbm RT 
@MncCavalcant
 Qro sorvete.!!!! Pode at√© ser frosty...!",https://twitter.com@_Luceliia/status/294133629951565824
294132839690162178,@MncCavalcant,M√¥nica Cavalcante,2013-01-23 17:21:48,Qro sorvete.!!!! Pode at√© ser frosty...!,https://twitter.com@MncCavalcant/status/294132839690162178
289527919922016257,@holyshitdevonne,d√©bora,2013-01-11 00:23:29,Frosty o sorvete no palito frosty sabor p toda a tamilia,https://twitter.com@holyshitdevonne/status/289527919922016257
278911756108185600,@apieceofdemi,dstv,2012-12-12 17:18:39,"FROSTY,O SORVETE NO POTINHO REFRESCANTE,TENHO 1 GOSTINHO BOM,HUUUM,√â PICOL√â COMO FRUTA NO PALITO ~√∫ltimo RT 
@demiluxuous
~",https://twitter.com@apieceofdemi/status/278911756108185600
256737043567214592,@dear_vic,vic,2012-10-12 12:44:15,Frosty o sorvete do potinho refrescante,https://twitter.com@dear_vic/status/256737043567214592
254541513227374594,@obomvizinho,PinheiroSupermercado,2012-10-06 11:20:00,"Sorvete Frosty 1 Litro (Sabores) por R$ 4,79 cada #VemPraC√° Oferta v√°lida at√© o dia 08/10/2012",https://twitter.com@obomvizinho/status/254541513227374594
252019897838731264,@obomvizinho,PinheiroSupermercado,2012-09-29 12:20:00,"Sorvete Frosty 1 Litro (Sabores) por R$ 4,79 cada #VemPraC√° Ofertas v√°lidas at√© o dia 08/10/2012",https://twitter.com@obomvizinho/status/252019897838731264
246222692573917184,@maddieshayes,edimara,2012-09-13 12:23:59,"Cansei de ver gente escrevendo Stay Frosty!!!!!!!!! n√£o vou me manter gelado, n√£o sou sorvete vei",https://twitter.com@maddieshayes/status/246222692573917184
240440900503875584,@super_cidade,Supermercado Cidade,2012-08-28 13:29:13,"2¬™ NET OFERTA do dia, Sorvete Frosty 2Lts. Sabores por apenas R$ 7,88 - Venha para o Cidade, aqui √© mais barato!",https://twitter.com@super_cidade/status/240440900503875584
238696039329198080,@laracav_,Lara Cristine,2012-08-23 17:55:45,"Frosty, o sorvete no potinho refrescante (888",https://twitter.com@laracav_/status/238696039329198080
227490901403000832,@obomvizinho,PinheiroSupermercado,2012-07-23 19:50:32,"Hummm... Sorvete Frosty 2 Litros (Sabores) R$ 8,99 cada #VemPraC√° (Oferta v√°lida at√© o dia 30/07)",https://twitter.com@obomvizinho/status/227490901403000832
223851490601730048,@BeatrizSouto_,Be√°,2012-07-13 18:48:48,sorvete pra mamae pro papai e pro vov√¥ para toda a fam√≠lia qual ser√° o seu sabooor?! frosty,https://twitter.com@BeatrizSouto_/status/223851490601730048
222350267847421956,@Vanessa87959595,VanessaOliveira,2012-07-09 15:23:29,UMMMMMM!!!!!!!!!! QUE DEL√çCIA ESSE SORVETE FROSTY E UMA DEL√çCIA TODO CARAMELADO UMMMMMMM!!!!!!!!!NUM CALOR DESSES EM FORTALEZA!!!!!!!!!!!,https://twitter.com@Vanessa87959595/status/222350267847421956
219910712066191361,@MarcinhoCardoso,M√°rcio,2012-07-02 21:49:34,Hum tomando um pote de sorvete da Frosty de creme com passar ...,https://twitter.com@MarcinhoCardoso/status/219910712066191361
127004004545863680,@sfrangolandia,Super Frangol√¢ndia,2011-10-20 12:51:28,"Sorvete Frosty 2L (V√°rios sabores-exceto light) = 8,19 At√© 23/10",https://twitter.com@sfrangolandia/status/127004004545863680
121549331701579776,@sfrangolandia,Super Frangol√¢ndia,2011-10-05 11:36:33,"Sorvete Frosty 2L (V√°rios sabores - exceto light) = 8,19 At√© 09/10",https://twitter.com@sfrangolandia/status/121549331701579776
112259354358595584,@sabrinasuleiman,Sabrina Suleiman,2011-09-09 20:21:30,gra√ßas ao lindo do meu namorado eu passei O DIA TODO com a musiquinha daquela propaganda ridiiicula dos sorvete FROSTY na cabe√ßa :x eheuahe,https://twitter.com@sabrinasuleiman/status/112259354358595584
112256395860119552,@samiamonike,S√¢mia Monique,2011-09-09 20:09:45,Adorooo sorvete de bom bom da Frosty!!!,https://twitter.com@samiamonike/status/112256395860119552
111770783554076673,@sfrangolandia,Super Frangol√¢ndia,2011-09-08 12:00:06,"Sorvete Frosty 2L (V√°rios sabores exceto light) = 8,19 At√© 12/09",https://twitter.com@sfrangolandia/status/111770783554076673
109072506907918336,@homem_cinza,Filho Rodrigues,2011-09-01 01:18:06,"Voc√™, voc√™ e todos voc√™ (@ligitasss 
@sorayamadeira
 @xisberto) a praticamente praga do dia: Frosty, o sorvete no potinho refrescante...",https://twitter.com@homem_cinza/status/109072506907918336
101111860807483394,@wandyferreira,Wan Ferreira Lima,2011-08-10 02:05:20,Gente que del√≠cia que √© o sorvete de Napolitano Zero A√ß√∫car da #FROSTY Papai diab√©tico aquim ksa tudo √© DIET ent√£o aprovei e indico demais!!,https://twitter.com@wandyferreira/status/101111860807483394
98742686646931456,@sfrangolandia,Super Frangol√¢ndia,2011-08-03 13:11:05,"Confira nossas ofertas: Sorvete Frosty  2L (v√°rios sabores exceto light) =8,19 At√© 14/08",https://twitter.com@sfrangolandia/status/98742686646931456
97765313793372160,@mariianaherika,Mariana H√©rika.,2011-07-31 20:27:21,tomar sorvete.. frosty! a cara da pob ¬¨¬¨¬¨¬¨¬¨¬¨¬¨,https://twitter.com@mariianaherika/status/97765313793372160
92306384258990082,@GalaxiaLagrimaF,Maandy,2011-07-16 18:55:31,"Frosty o sorvete para toda fam√≠lia !! s√≥ se for pra fam√≠lia Blanco n√©kkkkk!! diz Aee 
@Lua_Blanco
 http://twitpic.com/5r6o8m",https://twitter.com@GalaxiaLagrimaF/status/92306384258990082
91256957696098304,@lizzledorough,Wollia Veras,2011-07-13 21:25:28,Hmmm.. o sorvete novo da frosty eh uma delicia! De frutas vermelhas! Tive direito a uma colherzinha bem pequenininha! rsrs,https://twitter.com@lizzledorough/status/91256957696098304
90253230549897216,@HaphaelCDs,Haphael Santos,2011-07-11 02:57:01,Comendo sorvete de tapioca com a√ßa√≠ da Frosty. =),https://twitter.com@HaphaelCDs/status/90253230549897216
77947460068179968,@serhipster,MAYHEM,2011-06-07 03:58:17,Essse comercial do sorvete frosty √© uma gra√ßa http://www.youtube.com/watch?v=Ik2_EK_GQdQ racho de rir da menina que estudava na minha sala,https://twitter.com@serhipster/status/77947460068179968
77502548281532416,@kazudakamila,,2011-06-05 22:30:22,Sorvete horr√≠iiiivel! FROSTY √â UMA MERDA! N√ÉO COMPREM!,https://twitter.com@kazudakamila/status/77502548281532416
77101096916619265,@Marlin10,Marley da Costa¬Æ,2011-06-04 19:55:08,"Ta rolando uma promo√ß√£o de sorvete aqui na loja... Sorvete Frosty 2L por R$6,98... #FicaaDica !",https://twitter.com@Marlin10/status/77101096916619265
71044465002942465,@gloriarsg,Gl√≥ria Guimar√£es,2011-05-19 02:48:15,"Gentchy, aquela vovozete fez a propaganda do sorvete FROSTY!",https://twitter.com@gloriarsg/status/71044465002942465
60376377483984896,@elissmarques,"Elis, sem Regina",2011-04-19 16:17:04,o jeito foi compra um sorvete de a√ßai com tapioca da Frosty! Mas juro q o a√ßai foi tirado ano passado :x #umhorror,https://twitter.com@elissmarques/status/60376377483984896
54654201413910529,@Dayne_Dantas,Dayne Dantas,2011-04-03 21:19:11,Nhaa... Vou comer meu sorvete de Bombom da Frosty.,https://twitter.com@Dayne_Dantas/status/54654201413910529
49247676432257024,@theJRlive,J'R,2011-03-19 23:15:35,"Kibon ,nestl√™ ou frosty ? kkkkkk RT 
@carlafernanda
: Eu nadaria em uma piscina de Sorvete. #aloka",https://twitter.com@theJRlive/status/49247676432257024
48173492176306177,@lelfontenele,LeL_Fontenele ·∂úÀ¢·∂ú,2011-03-17 00:07:10,"Na boa, voc√™ compra um sorvete SONHO DE VALSA com uma expectativa danada, mas √© igual ao FROSTY de BOMBOM. IGUAL!!",https://twitter.com@lelfontenele/status/48173492176306177
37888867277344768,@__GuilhermeC,Guilherme,2011-02-16 14:59:44,Frosty... O sorvete dos pobres...,https://twitter.com@__GuilhermeC/status/37888867277344768
37351072410378240,@walbilion,frutas bovinas,2011-02-15 03:22:44,"Deu vontade de cantar essa m√∫sica: Frosty o sorvete com gostinho refrescante, frosty um picol√© com a fruta no palito Frosty experimente vc..",https://twitter.com@walbilion/status/37351072410378240
34836418840760320,@miguelrys,miguelrys,2011-02-08 04:50:24,"Estou na minha rede pronto p/ dormir, ainda tomei um sorvete da #frosty, que delicia. Boa noite a todos.",https://twitter.com@miguelrys/status/34836418840760320
30989224131952640,@wanligado,Wanderson Silva,2011-01-28 14:03:01,Sorvete de  a√ßai com banana bom demais #FROSTY do ladinho de casa,https://twitter.com@wanligado/status/30989224131952640
19816910975668224,@Amanddinha_,Amanda Bezerra,2010-12-28 18:08:14,Parar no meio da estrada e sem nenhuma bodega pra tomar sorvete? S√≥ no vt da #Frosty.,https://twitter.com@Amanddinha_/status/19816910975668224
17274192953081856,@biahzinnha,Beatriz Caetano,2010-12-21 17:44:23,Esse sorvete frosty √© um liiixo.,https://twitter.com@biahzinnha/status/17274192953081856
3270431201038337,@taislms,ta√≠s lemos,2010-11-13 02:18:26,pedi pra mam√£e trazer um pote de sorvete da pardal. Ela trouxe da frosty e todo derretido #fail. O q fazer com um sorvete que t√° s√≥ a papa?,https://twitter.com@taislms/status/3270431201038337
614007610286080,@LaraGois,Lara G√≥is,2010-11-05 18:22:45,"RT 
@Rodrigovicenti_
 P quem gosta de um bom sorvete,v√° no hiper bompre√ßo Mossor√≥ q vc encontrar√° toda a linha Frosty.Pre√ßo especial R$7,27 2L",https://twitter.com@LaraGois/status/614007610286080
613596723675136,@Rodrigovicenti_,Rodrigo Oliveira,2010-11-05 18:21:07,"Para quem gosta de um bom sorvete, v√° no hiper bompre√ßo Mossor√≥ que voc√™ vai encontrar toda a linha Frosty. Pre√ßo especial R$ 7,27 2L",https://twitter.com@Rodrigovicenti_/status/613596723675136
28711544401,@irlanemorais,Irlane Morais,2010-10-25 17:38:08,Sorvete Frosty √© muito horr√≠vel. Evitem: Quioske da Ponte Met√°lica. eeca,https://twitter.com@irlanemorais/status/28711544401
28550197014,@diiigao,"fica ,vai ter bolo",2010-10-24 01:07:07,"Quero sorvete sabor bombom da ""Frosty"" ...quero muiiiito,quero j√°!",https://twitter.com@diiigao/status/28550197014
26506787564,@andrefpontes,Andr√© Pontes,2010-10-06 00:49:00,"nao comprem sorvete de amedoim da frosty, QUE PORRA RUIM.
eaioaeueaoieaueaoieaaio",https://twitter.com@andrefpontes/status/26506787564
23097771517,@FrasesStefhany,@FrasesStefhany,2010-09-05 23:43:34,#SteAprovaERecomenda Sorvetes frosty - O sorvete do potinho refrescante. http://www.youtube.com/watch?v=6ttyEHdGLOw,https://twitter.com@FrasesStefhany/status/23097771517
23084853904,@FrasesStefhany,@FrasesStefhany,2010-09-05 20:03:52,#SteDiz : Estou tomando meu sorvete Frosty em c√¢mera lenta enquanto seduzo voc√™s,https://twitter.com@FrasesStefhany/status/23084853904
23072302240,@FrasesStefhany,@FrasesStefhany,2010-09-05 16:37:44,"#SteAprova Sorvetes Frosty, o sorvete do potinho refrescante. http://www.youtube.com/watch?v=6ttyEHdGLOw",https://twitter.com@FrasesStefhany/status/23072302240
21704483312,@caitanoaraujo,Caitano Araujo,2010-08-20 23:46:33,"Movimento √≥timo na lan, mas agora ando morto de fome, o freezer da Frosty anda me tentando pra pegar um picol√© ou sorvete. Hum!",https://twitter.com@caitanoaraujo/status/21704483312
19674520059,@blogisatk,Blog isa tkm Isa TK+,2010-07-27 17:47:06,"Frosty freakout: Tera que tomar conta de uma sorveteria, monte as ta√ßas de sorvete conforme o‚Ä¶ http://goo.gl/fb/7yzGi",https://twitter.com@blogisatk/status/19674520059
18550010101,@VingtunNeto,Vingt-Un Neto,2010-07-14 21:33:33,tive a oportunidade de esperimentar o sorvete frosty q √© distribuido aqui na nossa cidade pelos amigos. Exelente! Indico a todos esperiment,https://twitter.com@VingtunNeto/status/18550010101
18253773052,@math_sq,Matheus Quintela,2010-07-11 06:55:02,"agora que eu percebi que o sorvete de caj√° da Frosty, eh melhor que o da Pardal o.o",https://twitter.com@math_sq/status/18253773052
5658340910,@eujoey,Joeldo,2009-11-12 20:13:41,tomando sorvete de pav√™ com chocolate da Frosty kkkkkkk,https://twitter.com@eujoey/status/5658340910
3948418206,@thonyconde,Anthony Conde,2009-09-13 04:01:32,Pense num sorvete ruim este tal de Frosty www.frosty.com.br =/ Quero Pardal www.pardalsorvetes.com.br =P At√© o site √© mais munitinho =),https://twitter.com@thonyconde/status/3948418206
2158087442,@kaioa,kaio a.,2009-06-13 21:41:30,Algu√©m j√° comeu o sorvete de Bombom da Frosty? Muuuuuuuito bom. :~,https://twitter.com@kaioa/status/2158087442
